file,title,license,license_url,attribution,source
tudor-succession/Media/tudor-henry-viii-portrait.jpg,"Hans Holbein, the Younger, Around 1497-1543 - Portrait of Henry VIII of England - Google Art Project",Public domain,,Google Arts & Culture — bwFsEOEPkei3Lw,https://commons.wikimedia.org/wiki/File:Hans_Holbein%2C_the_Younger%2C_Around_1497-1543_-_Portrait_of_Henry_VIII_of_England_-_Google_Art_Project.jpg
tudor-succession/Media/tudor-edmund-portrait.jpg,Edmund Tudor portrait,Public domain,,https://www.flickr.com/photos/60861613@N00/3408675887/in/set-72157615784799876/,https://commons.wikimedia.org/wiki/File:Edmund_Tudor%2C_1st_Earl_of_Richmond.jpg
tudor-succession/Media/tudor-margaret-beaufort-portrait.jpg,Margaret Beaufort portrait,Public domain,,"one or more third parties have made copyright claims against Wikimedia Commons in relation to the work from which this is sourced or a purely mechanical reproduction thereof . This may be due to recognition of the "" sweat of the brow "" doctrine, allowing works to be eligible for protection through skill and labour, and not purely by originality as is the case in the United States (where this website is hosted). These claims may or may not be valid in all jurisdictions. As such, use of this image in the jurisdiction of the claimant or other countries may be regarded as copyright infringement . Please see Commons:When to use the PD-Art tag for more information.",https://commons.wikimedia.org/wiki/File:Lady_Margaret_Beaufort_from_NPG.jpg
tudor-succession/Media/tudor-edward-iv-portrait.jpg,Edward IV portrait,Public domain,,"from en:Image:Edward4.JPG , uploaded 19:47, 24 December 2002 by Isis",https://commons.wikimedia.org/wiki/File:Edward4.jpg
tudor-succession/Media/tudor-elizabeth-woodville-portrait.jpg,Elizabeth Woodville portrait,Public domain,,Art UK : entry elizabeth-woodville-c-14371492-2nd-foundress-of-queens-college-wife-of-edward-iv-194554,https://commons.wikimedia.org/wiki/File:ElizabethWoodville.JPG
tudor-succession/Media/tudor-henry-vii-portrait.jpg,Henry VII portrait,Public domain,,"one or more third parties have made copyright claims against Wikimedia Commons in relation to the work from which this is sourced or a purely mechanical reproduction thereof . This may be due to recognition of the "" sweat of the brow "" doctrine, allowing works to be eligible for protection through skill and labour, and not purely by originality as is the case in the United States (where this website is hosted). These claims may or may not be valid in all jurisdictions. As such, use of this image in the jurisdiction of the claimant or other countries may be regarded as copyright infringement . Please see Commons:When to use the PD-Art tag for more information.",https://commons.wikimedia.org/wiki/File:Enrique_VII_de_Inglaterra%2C_por_un_artista_an%C3%B3nimo.jpg
tudor-succession/Media/tudor-elizabeth-york-portrait.jpg,Elizabeth of York portrait,Public domain,,"Scanned from the book The National Portrait Gallery History of the Kings and Queens of England by David Williamson, ISBN 1855142287 .",https://commons.wikimedia.org/wiki/File:Elizabeth_of_York_from_Kings_and_Queens_of_England.jpg
tudor-succession/Media/tudor-margaret-portrait.jpg,Margaret Tudor portrait,Public domain,,Royal Collection,https://commons.wikimedia.org/wiki/File:Daniel_Mytens_%28c._1590-1647%29_-_Margaret_Tudor%2C_Queen_of_Scotland_%281489-1541%29_-_RCIN_401181_-_Royal_Collection.jpg
tudor-succession/Media/tudor-mary-portrait.jpg,Mary Tudor portrait,Public domain,,"https://www.meisterdrucke.fr/fine-art-prints/Unknown-artist/1029832/Marie-Tudor,-reine-de-France---Portrait-de-Marie-Tudor-d'Angleterre-(1496-1534),-troisi%C3%A8me-%C3%A9pouse-de-Louis-XII.-Peinture-anonyme-du-XVIe-si%C3%A8cle.-Paris,-Arts-d%C3%A9coratifs.html",https://commons.wikimedia.org/wiki/File:MaryTudor111.jpg
tudor-succession/Media/tudor-catherine-aragon-portrait.jpg,Catherine of Aragon portrait,Public domain,,https://www.pinterest.jp/pin/505669864392796590/,https://commons.wikimedia.org/wiki/File:Catalina_de_Aragon.jpg
tudor-succession/Media/tudor-james-iv-portrait.jpg,James IV of Scotland portrait,Public domain,,NationalGalleries.org,https://commons.wikimedia.org/wiki/File:James_IV_of_Scotland.jpg
tudor-succession/Media/tudor-james-v-portrait.jpg,James V of Scotland portrait,Public domain,,Weiss Gallery Image,https://commons.wikimedia.org/wiki/File:Portrait_of_James_V_of_Scotland_%281512_-_1542%29.jpg
tudor-succession/Media/tudor-anne-boleyn-portrait.jpg,Anne Boleyn portrait,Public domain,,"one or more third parties have made copyright claims against Wikimedia Commons in relation to the work from which this is sourced or a purely mechanical reproduction thereof . This may be due to recognition of the "" sweat of the brow "" doctrine, allowing works to be eligible for protection through skill and labour, and not purely by originality as is the case in the United States (where this website is hosted). These claims may or may not be valid in all jurisdictions. As such, use of this image in the jurisdiction of the claimant or other countries may be regarded as copyright infringement . Please see Commons:When to use the PD-Art tag for more information.",https://commons.wikimedia.org/wiki/File:Anne_boleyn.jpg
tudor-succession/Media/tudor-anne-cleves-portrait.jpg,Anne of Cleves portrait,Public domain,,photo Shonagon 2024-03-15,https://commons.wikimedia.org/wiki/File:Anne_de_Cl%C3%A8ves_-_Hans_Holbein_le_Jeune_-_Mus%C3%A9e_du_Louvre_Peintures_INV_1348_%3B_MR_756_-_version_2.jpg
tudor-succession/Media/tudor-margaret-douglas-portrait.jpg,Margaret Douglas portrait,Public domain,https://creativecommons.org/publicdomain/mark/1.0/,"Margaret Douglas Countess of Lennox.jpg — Unknown author, Wikimedia Commons, Public domain",https://commons.wikimedia.org/wiki/File:Margaret_Douglas_Countess_of_Lennox.jpg
tudor-succession/Media/tudor-jane-seymour-portrait.jpg,Jane Seymour portrait,Public domain,https://creativecommons.org/publicdomain/mark/1.0/,"Hans Holbein d. J. 032b.jpg — Unknown author, Wikimedia Commons, Public domain",https://commons.wikimedia.org/wiki/File:Hans_Holbein_d._J._032b.jpg
tudor-succession/Media/tudor-catherine-howard-portrait.jpg,Catherine Howard portrait,Public domain,https://creativecommons.org/publicdomain/mark/1.0/,"Hans Holbein the Younger - Portrait of a Lady, perhaps Katherine Howard (Royal Collection).JPG — Unknown author, Wikimedia Commons, Public domain",https://commons.wikimedia.org/wiki/File:Hans_Holbein_the_Younger_-_Portrait_of_a_Lady%2C_perhaps_Katherine_Howard_%28Royal_Collection%29.JPG
tudor-succession/Media/tudor-catherine-parr-portrait.jpg,Catherine Parr portrait,Public domain,https://creativecommons.org/publicdomain/mark/1.0/,"Catherine Parr from NPG.jpg — Unknown author, Wikimedia Commons, Public domain",https://commons.wikimedia.org/wiki/File:Catherine_Parr_from_NPG.jpg
tudor-succession/Media/tudor-elizabeth-blount-portrait.jpg,Elizabeth Blount portrait,Public domain,https://creativecommons.org/publicdomain/mark/1.0/,"Article-2083826-0f60095a00000578-732 224x423-1.jpg — Anonymous, Wikimedia Commons, Public domain",https://commons.wikimedia.org/wiki/File:Article-2083826-0f60095a00000578-732_224x423-1.jpg
tudor-succession/Media/tudor-mary-i-portrait.jpg,Mary I portrait,Public domain,https://creativecommons.org/publicdomain/mark/1.0/,"Anthonis Mor 001.jpg — Unknown author, Wikimedia Commons, Public domain",https://commons.wikimedia.org/wiki/File:Anthonis_Mor_001.jpg
tudor-succession/Media/tudor-elizabeth-i-portrait.jpg,Elizabeth I portrait,Public domain,https://creativecommons.org/publicdomain/mark/1.0/,"Darnley stage 3.jpg — Unknown author, Wikimedia Commons, Public domain",https://commons.wikimedia.org/wiki/File:Darnley_stage_3.jpg
tudor-succession/Media/tudor-louis-xii-portrait.jpg,Louis XII of France portrait,Public domain,https://creativecommons.org/publicdomain/mark/1.0/,"Louis-xii-roi-de-france.jpg — Unknown author, Wikimedia Commons, Public domain",https://commons.wikimedia.org/wiki/File:Louis-xii-roi-de-france.jpg
tudor-succession/Media/tudor-charles-brandon-portrait.jpg,Charles Brandon portrait,Public domain,https://creativecommons.org/publicdomain/mark/1.0/,"Charles Brandon Duke of Suffolk.jpg — Unknown author, Wikimedia Commons, Public domain",https://commons.wikimedia.org/wiki/File:Charles_Brandon_Duke_of_Suffolk.jpg
tudor-succession/Media/tudor-frances-brandon-portrait.jpg,Frances Brandon portrait,Public domain,https://creativecommons.org/publicdomain/mark/1.0/,"Portrait of a Woman, once identified as Frances Brandon - Royal Collection.jpg — Unknown author, Wikimedia Commons, Public domain",https://commons.wikimedia.org/wiki/File:Portrait_of_a_Woman%2C_once_identified_as_Frances_Brandon_-_Royal_Collection.jpg
tudor-succession/Media/tudor-eleanor-brandon-portrait.jpg,Eleanor Brandon portrait,Public domain,https://creativecommons.org/publicdomain/mark/1.0/,"Portrait of an Unknown Lady Hans Eworth.jpg — Unknown author, Wikimedia Commons, Public domain",https://commons.wikimedia.org/wiki/File:Portrait_of_an_Unknown_Lady_Hans_Eworth.jpg
tudor-succession/Media/tudor-mary-guise-portrait.jpg,Mary of Guise portrait,Public domain,https://creativecommons.org/publicdomain/mark/1.0/,"Corneille de Lyon - Mary of Guise, 1515 - 1560. Queen of James V - PG 1558 - National Galleries of Scotland.jpg — Unknown author, Wikimedia Commons, Public domain",https://commons.wikimedia.org/wiki/File:Corneille_de_Lyon_-_Mary_of_Guise%2C_1515_-_1560._Queen_of_James_V_-_PG_1558_-_National_Galleries_of_Scotland.jpg
tudor-succession/Media/tudor-mary-scots-portrait.jpg,"Mary, Queen of Scots portrait",Public domain,https://creativecommons.org/publicdomain/mark/1.0/,"Mary Queen of Scots Blairs Museum.jpg — Unknown author, Wikimedia Commons, Public domain",https://commons.wikimedia.org/wiki/File:Mary_Queen_of_Scots_Blairs_Museum.jpg
tudor-succession/Media/tudor-matthew-stewart-portrait.jpg,Matthew Stewart portrait,Public domain,https://creativecommons.org/publicdomain/mark/1.0/,"Memorial to Darnley.jpg — Lieven de Vogeleer, Wikimedia Commons, Public domain",https://commons.wikimedia.org/wiki/File:Memorial_to_Darnley.jpg
tudor-succession/Media/tudor-darnley-portrait.jpg,"Henry Stuart, Lord Darnley portrait",Public domain,https://creativecommons.org/publicdomain/mark/1.0/,"Anonymous - Henry Stuart, Lord Darnley, 1545 - 1567. Consort of Mary, Queen of Scots - PG 2279 - National Galleries of Scotland.jpg — Unknown author, Wikimedia Commons, Public domain",https://commons.wikimedia.org/wiki/File:Anonymous_-_Henry_Stuart%2C_Lord_Darnley%2C_1545_-_1567._Consort_of_Mary%2C_Queen_of_Scots_-_PG_2279_-_National_Galleries_of_Scotland.jpg
tudor-succession/Media/tudor-james-vi-i-portrait.jpg,James VI of Scotland and I of England portrait,Public domain,https://creativecommons.org/publicdomain/mark/1.0/,"John de Critz - James VI and I, 1566 - 1625. King of Scotland 1567 - 1625. King of England and Ireland 1603 - 1625 - PG 561 - National Galleries of Scotland.jpg — Unknown author, Wikimedia Commons, Public domain",https://commons.wikimedia.org/wiki/File:John_de_Critz_-_James_VI_and_I%2C_1566_-_1625._King_of_Scotland_1567_-_1625._King_of_England_and_Ireland_1603_-_1625_-_PG_561_-_National_Galleries_of_Scotland.jpg
tudor-succession/Attachments/tudor-succession-attachment-1.jpg,Family tree of British monarchs with public-domain portraits,CC BY-SA 4.0,https://creativecommons.org/licenses/by-sa/4.0,Own work,https://commons.wikimedia.org/wiki/File:British_kings_-_Lancaster-York-Tudor_family_tree_by_shakko.jpg
tudor-succession/Attachments/tudor-succession-attachment-2.jpg,Seventeenth-century royal family tree with portraits,CC0,http://creativecommons.org/publicdomain/zero/1.0/deed.en,This file was donated to Wikimedia Commons as part of a project by the National Gallery of Art . Please see the Gallery's Open Access Policy .,https://commons.wikimedia.org/wiki/File:British_17th_Century%2C_Family_Tree_with_Portraits_of_Henry_VII%2C_Henry_VIII%2C_Elizabeth%2C_James%2C_and_Charles%2C_NGA_57679.jpg
darwin-wedgwood/Media/darwin-bernard-portrait.jpg,Bernard Darwin portrait,Public domain,https://creativecommons.org/publicdomain/mark/1.0/,"Bernard Darwin (golf) LCCN2014712856.jpg — Bain News Service, publisher, Wikimedia Commons, Public domain",https://commons.wikimedia.org/wiki/File:Bernard_Darwin_%28golf%29_LCCN2014712856.jpg
darwin-wedgwood/Media/darwin-caroline-portrait.jpg,Caroline Sarah Wedgwood portrait,Public domain,https://creativecommons.org/publicdomain/mark/1.0/,"Caroline Darwin, age 16.jpg — Unknown author, Wikimedia Commons, Public domain",https://commons.wikimedia.org/wiki/File:Caroline_Darwin%2C_age_16.jpg
darwin-wedgwood/Media/darwin-charles-portrait.jpg,"Portrait of Charles Darwin by Herbert Rose Barraud (1845 - 1896) taken in 1881, thought to be the last photograph of Darwin before his death.",Public domain,,https://www.taringa.net/+info/charles-darwin-argentina-fue-y-sera-una_136c2o,https://commons.wikimedia.org/wiki/File:Charles_Darwin_portrait.jpg
darwin-wedgwood/Media/darwin-charles-galton-portrait.jpg,Charles Galton Darwin portrait,Public domain,https://creativecommons.org/publicdomain/mark/1.0/,"Charles G. Darwin, Bain News Service photo portrait.jpg — Bain News Service, Wikimedia Commons, Public domain",https://commons.wikimedia.org/wiki/File:Charles_G._Darwin%2C_Bain_News_Service_photo_portrait.jpg
darwin-wedgwood/Media/darwin-charlotte-massingberd-portrait.jpg,"Charlotte Mildred Langton, later Mrs Leonard Darwin",Public domain,https://creativecommons.org/publicdomain/mark/1.0/,"Charlotte Mildred Langton, later Mrs Leonard Darwin — John Collingham Moore, National Trust / Wikimedia Commons, Public domain","https://commons.wikimedia.org/wiki/File:John_Collingham_Moore_(1829-1880)_-_Charlotte_Mildred_Langton_(1868%E2%80%931941),_Later_Mrs_Leonard_Darwin_-_637644_-_National_Trust.jpg"
darwin-wedgwood/Media/darwin-elizabeth-allen-portrait.jpg,Elizabeth Allen (Mrs Josiah Wedgwood II),Public domain,https://creativecommons.org/publicdomain/mark/1.0/,"Elizabeth Allen (Mrs Josiah Wedgwood II) — George Romney, V&A Wedgwood Collection / Wikimedia Commons, Public domain",https://commons.wikimedia.org/wiki/File:George_Romney_(1734-1802)_-_Elizabeth_Allen_(Mrs_Josiah_Wedgwood_II)_(1764%E2%80%931846)_-_5611_-_V%5EA_Wedgwood_Collection.jpg
darwin-wedgwood/Media/darwin-ellen-crofts-portrait.jpg,Ellen Wordsworth Darwin portrait,Public domain,https://creativecommons.org/publicdomain/mark/1.0/,"Ellen Darwin born 1856.jpg — Ellen Darwin’s photograph (Newnham PH/10/4 Chrystal Album no.2), Wikimedia Commons, Public domain",https://commons.wikimedia.org/wiki/File:Ellen_Darwin_born_1856.jpg
darwin-wedgwood/Media/darwin-emily-portrait.jpg,Emily Catherine Darwin as a child,Public domain,https://creativecommons.org/publicdomain/mark/1.0/,"Emily Catherine Darwin as a child — Walker & Cockerell after a family drawing, Internet Archive / Wikimedia Commons, Public domain","https://commons.wikimedia.org/wiki/File:Emma_Darwin,_a_century_of_family_letters,_1792-1896_(IA_emmadarwincentur01litc).pdf"
darwin-wedgwood/Media/darwin-emma-portrait.jpg,Emma Darwin portrait,Public domain,https://creativecommons.org/publicdomain/mark/1.0/,"Emma Darwin.jpg — :George Richmond, Wikimedia Commons, Public domain",https://commons.wikimedia.org/wiki/File:Emma_Darwin.jpg
darwin-wedgwood/Media/darwin-emma-farrer-portrait.jpg,Emma Cecilia 'Ida' Darwin,Public domain,https://creativecommons.org/publicdomain/mark/1.0/,"Emma Cecilia 'Ida' Darwin — Unknown nineteenth-century photographer, Cambridge University Library, Public domain",https://psypolitics.org/2021/12/28/lady-ida-darwin-and-the-cambridge-association-for-the-care-of-the-feeble-minded-2021/
darwin-wedgwood/Media/darwin-erasmus-portrait.jpg,Erasmus Darwin portrait,Public domain,https://creativecommons.org/publicdomain/mark/1.0/,"Portrait of Erasmus Darwin by Joseph Wright of Derby (1792).jpg — Unknown author, Wikimedia Commons, Public domain",https://commons.wikimedia.org/wiki/File:Portrait_of_Erasmus_Darwin_by_Joseph_Wright_of_Derby_%281792%29.jpg
darwin-wedgwood/Media/darwin-erasmus-alvey-portrait.jpg,Erasmus Alvey Darwin portrait,Public domain,https://creativecommons.org/publicdomain/mark/1.0/,"Julia Margaret Cameron (British, born India - (Erasmus Darwin) - Google Art Project.jpg — Unknown author, Wikimedia Commons, Public domain",https://commons.wikimedia.org/wiki/File:Julia_Margaret_Cameron_%28British%2C_born_India_-_%28Erasmus_Darwin%29_-_Google_Art_Project.jpg
darwin-wedgwood/Media/darwin-florence-fisher-portrait.jpg,Florence Henrietta Darwin portrait,Public domain,https://creativecommons.org/publicdomain/mark/1.0/,"Florence Henrietta Darwin.jpg — Unknown author, Wikimedia Commons, Public domain",https://commons.wikimedia.org/wiki/File:Florence_Henrietta_Darwin.jpg
darwin-wedgwood/Media/darwin-francis-portrait.jpg,Francis Darwin portrait,Public domain,https://creativecommons.org/publicdomain/mark/1.0/,"Darwin,Francis.jpg — Original uploader was Toth at [http://nl.wikipedia.org nl.wikipedia], Wikimedia Commons, Public domain",https://commons.wikimedia.org/wiki/File:Darwin%2CFrancis.jpg
darwin-wedgwood/Media/darwin-george-portrait.jpg,George Howard Darwin portrait,Public domain,https://creativecommons.org/publicdomain/mark/1.0/,"George Darwin SI.jpg — J. Russell & Sons (Photographic company), Wikimedia Commons, Public domain",https://commons.wikimedia.org/wiki/File:George_Darwin_SI.jpg
darwin-wedgwood/Media/darwin-gwen-raverat-portrait.jpg,Gwendolen Mary Raverat portrait,Public domain,https://creativecommons.org/publicdomain/mark/1.0/,"Ka Cox and friends.jpg — Unknown author, Wikimedia Commons, Public domain",https://commons.wikimedia.org/wiki/File:Ka_Cox_and_friends.jpg
darwin-wedgwood/Media/darwin-henrietta-portrait.jpg,Henrietta Litchfield and William Darwin,Public domain,https://creativecommons.org/publicdomain/mark/1.0/,"Henrietta Litchfield and William Darwin — Unknown photographer, English Wikipedia local free media, Public domain",https://en.wikipedia.org/wiki/File:Henrietta_Litchfield_and_William_Darwin.jpg
darwin-wedgwood/Media/darwin-horace-portrait.jpg,Horace Darwin portrait,Public domain,https://creativecommons.org/publicdomain/mark/1.0/,"Horace Darwin.jpg — Original uploader was Toth at [http://nl.wikipedia.org nl.wikipedia] (Original text : author unknown), Wikimedia Commons, Public domain",https://commons.wikimedia.org/wiki/File:Horace_Darwin.jpg
darwin-wedgwood/Media/darwin-jacques-raverat-portrait.jpg,Jacques Raverat with friends,Public domain,https://creativecommons.org/publicdomain/mark/1.0/,"Jacques Raverat with friends — Unknown photographer, Wikimedia Commons, Public domain",https://commons.wikimedia.org/wiki/File:Ka_Cox_and_friends.jpg
darwin-wedgwood/Media/darwin-josiah-i-portrait.jpg,Josiah Wedgwood I,Public domain,https://creativecommons.org/publicdomain/mark/1.0/,"Josiah Wedgwood I — George Stubbs, Metropolitan Museum of Art / Wikimedia Commons, Public domain",https://commons.wikimedia.org/wiki/File:Josiah_Wedgwood_MET_148915.jpg
darwin-wedgwood/Media/darwin-josiah-ii-portrait.jpg,Josiah Wedgwood II portrait,Public domain,https://creativecommons.org/publicdomain/mark/1.0/,"Josiah Wedgwood II.jpg — Unknown author, Wikimedia Commons, Public domain",https://commons.wikimedia.org/wiki/File:Josiah_Wedgwood_II.jpg
darwin-wedgwood/Media/darwin-leonard-portrait.jpg,Leonard Darwin portrait,Public domain,https://creativecommons.org/publicdomain/mark/1.0/,"Leonard Darwin.jpg — George Grantham Bain Collection (Library of Congress), Wikimedia Commons, Public domain",https://commons.wikimedia.org/wiki/File:Leonard_Darwin.jpg
darwin-wedgwood/Media/darwin-maud-dupuy-portrait.jpg,Maud Darwin,Public domain,https://creativecommons.org/publicdomain/mark/1.0/,"Maud Darwin — Cecilia Beaux, Wikimedia Commons, Public domain",https://commons.wikimedia.org/wiki/File:Maud_Darwin_by_Cecilia_Beaux_1889.jpg
darwin-wedgwood/Media/darwin-richard-litchfield-portrait.jpg,Richard Buckley Litchfield,Public domain,https://creativecommons.org/publicdomain/mark/1.0/,"Richard Buckley Litchfield — Unknown nineteenth-century photographer, Darwin Correspondence Project / Cambridge University Library, Public domain",https://professorhedgehogsjournal.uk/2016/03/21/etty-before-aunthood/
darwin-wedgwood/Media/darwin-robert-waring-portrait.jpg,Robert Waring Darwin portrait,Public domain,https://creativecommons.org/publicdomain/mark/1.0/,"Robert Darwin.jpg — James Pardon, Wikimedia Commons, Public domain",https://commons.wikimedia.org/wiki/File:Robert_Darwin.jpg
darwin-wedgwood/Media/darwin-sarah-wedgwood-portrait.jpg,Sarah Wedgwood portrait,Public domain,https://creativecommons.org/publicdomain/mark/1.0/,"Joshua Reynolds (1723-1792) - Sarah Wedgwood (1734–1815) - 5609 - V^A Wedgwood Collection.jpg — Unknown author, Wikimedia Commons, Public domain",https://commons.wikimedia.org/wiki/File:Joshua_Reynolds_%281723-1792%29_-_Sarah_Wedgwood_%281734%E2%80%931815%29_-_5609_-_V%5EA_Wedgwood_Collection.jpg
darwin-wedgwood/Media/darwin-susannah-portrait.jpg,Susannah Darwin portrait,CC BY 4.0,https://creativecommons.org/licenses/by/4.0/,"Susannah Darwin nee Wedgwood.jpg — Paillou, Peter, the younger, Wikimedia Commons, CC BY 4.0",https://commons.wikimedia.org/wiki/File:Susannah_Darwin_nee_Wedgwood.jpg
darwin-wedgwood/Media/darwin-william-portrait.jpg,William Erasmus Darwin portrait,Public domain,https://creativecommons.org/publicdomain/mark/1.0/,"William Darwin (cropped).jpg — Not credited, Wikimedia Commons, Public domain",https://commons.wikimedia.org/wiki/File:William_Darwin_%28cropped%29.jpg
darwin-wedgwood/Attachments/darwin-wedgwood-attachment-1.jpg,Emma Darwin with Charles Waring Darwin,Public domain,,http://www.bloodjournal.org/content/105/6/2614.2,https://commons.wikimedia.org/wiki/File:Emma_Darwin_with_Charles_Waring_Darwin.jpg
darwin-wedgwood/Attachments/darwin-wedgwood-attachment-2.jpg,The Wedgwood family at Leith Hill Place,Public domain,https://creativecommons.org/publicdomain/mark/1.0/,"The Wedgwood family at Leith Hill Place — reproduced in Henrietta Litchfield (ed.), Emma Darwin: A Century of Family Letters, vol. 1 (1915), Internet Archive; public domain; page rotated/cropped/resized.","https://commons.wikimedia.org/wiki/File:Emma_Darwin,_a_century_of_family_letters,_1792-1896_(IA_emmadarwincentur01litc).pdf"
curie-joliot/Media/curie-bronislawa-portrait.jpg,Bronisława Dłuska,Public domain,https://creativecommons.org/publicdomain/mark/1.0/,"Bronisława Dłuska — Unknown photographer, Wikimedia Commons, Public domain",https://commons.wikimedia.org/wiki/File:Bronis%C5%82awa_D%C5%82uska_(-1901).jpg
curie-joliot/Media/curie-eugene-portrait.jpg,Eugène Curie portrait,Public domain,https://creativecommons.org/publicdomain/mark/1.0/,"Curie, Jacques und Pierre mit Eltern.jpg — Unknown author, Wikimedia Commons, Public domain",https://commons.wikimedia.org/wiki/File:Curie%2C_Jacques_und_Pierre_mit_Eltern.jpg
curie-joliot/Media/curie-eve-portrait.jpg,Ève Curie Labouisse portrait,CC BY 4.0,https://creativecommons.org/licenses/by/4.0/,"Ève Curie 1937.jpg — Valentine (Photographers), Wikimedia Commons, CC BY 4.0",https://commons.wikimedia.org/wiki/File:%C3%88ve_Curie_1937.jpg
curie-joliot/Media/curie-frederic-portrait.jpg,Frédéric Joliot-Curie portrait,Public domain,https://creativecommons.org/publicdomain/mark/1.0/,"Joliot-Curie Harcourt 1948 3.jpg — :Studio Harcourt, Wikimedia Commons, Public domain",https://commons.wikimedia.org/wiki/File:Joliot-Curie_Harcourt_1948_3.jpg
curie-joliot/Media/curie-helena-portrait.jpg,Helena Szalay portrait,Public domain,https://creativecommons.org/publicdomain/mark/1.0/,"Helena Skłodowska-Szalay.jpg — unknown-anonymous, Wikimedia Commons, Public domain",https://commons.wikimedia.org/wiki/File:Helena_Sk%C5%82odowska-Szalay.jpg
curie-joliot/Media/curie-irene-portrait.jpg,Irène Joliot-Curie portrait,Public domain,https://creativecommons.org/publicdomain/mark/1.0/,"Joliot-curie.jpg — Nobel Foundation, Wikimedia Commons, Public domain",https://commons.wikimedia.org/wiki/File:Joliot-curie.jpg
curie-joliot/Media/curie-jacques-portrait.jpg,Jacques Curie with Pierre and their parents,Public domain,https://creativecommons.org/publicdomain/mark/1.0/,"Jacques Curie with Pierre and their parents — Unknown photographer, Wikimedia Commons, Public domain","https://commons.wikimedia.org/wiki/File:Curie,_Jacques_und_Pierre_mit_Eltern.jpg"
curie-joliot/Media/curie-marie-portrait.jpg,Portrait of Marie Skłodowska-Curie (7 November 1867 – 4 July 1934),Public domain,,http://jasminkellner.com/wp-content/uploads/2015/03/Marie-Curie.jpg,https://commons.wikimedia.org/wiki/File:Marie_Curie_%281900%29_%28cropped%29.jpg
curie-joliot/Media/curie-michel-langevin-portrait.jpg,Michel Langevin portrait,CC BY-SA 4.0,https://creativecommons.org/licenses/by-sa/4.0/,"Michel Langevin.png — Photo de famille, Wikimedia Commons, CC BY-SA 4.0",https://commons.wikimedia.org/wiki/File:Michel_Langevin.png
curie-joliot/Media/curie-pierre-portrait.jpg,Pierre Curie portrait,Public domain,https://creativecommons.org/publicdomain/mark/1.0/,"Pierre Curie by Dujardin c1906.jpg — Dujardin, Wikimedia Commons, Public domain",https://commons.wikimedia.org/wiki/File:Pierre_Curie_by_Dujardin_c1906.jpg
curie-joliot/Media/curie-sophie-portrait.jpg,Sophie-Claire Curie with her family,Public domain,https://creativecommons.org/publicdomain/mark/1.0/,"Sophie-Claire Curie with her family — Unknown photographer, Wikimedia Commons, Public domain","https://commons.wikimedia.org/wiki/File:Curie,_Jacques_und_Pierre_mit_Eltern.jpg"
curie-joliot/Media/curie-wladyslaw-portrait.jpg,Władysław Skłodowski portrait,Public domain,https://creativecommons.org/publicdomain/mark/1.0/,"Sklodowski Family Wladyslaw and his daughters Maria Bronislawa Helena.jpg — Unknown author, Wikimedia Commons, Public domain",https://commons.wikimedia.org/wiki/File:Sklodowski_Family_Wladyslaw_and_his_daughters_Maria_Bronislawa_Helena.jpg
curie-joliot/Attachments/curie-joliot-attachment-1.jpg,"Marie and Pierre Curie with Irène, 1903",Public domain,,https://www.newspapers.com/article/the-times-democrat-family-photo-of-marie/46976021,https://commons.wikimedia.org/wiki/File:Marie%2C_Pierre%2C_Irene_Curie_1903.jpg
curie-joliot/Attachments/curie-joliot-attachment-2.jpg,"Marie Curie with Irène and Ève, 1908",CC BY 4.0,https://creativecommons.org/licenses/by/4.0,https://wellcomeimages.org/indexplus/obf_images/23/67/7bb0c1eca6a69c6c939ecf65a65b.jpg Gallery: https://wellcomeimages.org/indexplus/image/L0001758.html Wellcome Collection gallery (2018-04-01): https://wellcomecollection.org/works/f794z77h CC-BY-4.0,https://commons.wikimedia.org/wiki/File:Portrait_of_Marie_Curie_and_her_daughters%2C_1908_Wellcome_L0001758.jpg
kennedy/Media/kennedy-john-portrait.jpg,"John F. Kennedy , photograph in the Oval Office.",Public domain,,This tag does not indicate the copyright status of the attached work. A normal copyright tag is still required. See Commons:Licensing .,https://commons.wikimedia.org/wiki/File:John_F._Kennedy%2C_White_House_color_photo_portrait.jpg
kennedy/Media/kennedy-patrick-joseph-portrait.jpg,Patrick Joseph Kennedy portrait,Public domain,https://creativecommons.org/publicdomain/mark/1.0/,"PJ Kennedy.jpg — Unknown author, Wikimedia Commons, Public domain",https://commons.wikimedia.org/wiki/File:PJ_Kennedy.jpg
kennedy/Media/kennedy-john-fitzgerald-portrait.jpg,John Francis Fitzgerald portrait,Public domain,https://creativecommons.org/publicdomain/mark/1.0/,"J.F. Fitzgerald LCCN2014714230 (3x4a).jpg — Bain News Service, publisher, Wikimedia Commons, Public domain",https://commons.wikimedia.org/wiki/File:J.F._Fitzgerald_LCCN2014714230_%283x4a%29.jpg
kennedy/Media/kennedy-rose-portrait.jpg,Rose Elizabeth Fitzgerald Kennedy portrait,Public domain,https://creativecommons.org/publicdomain/mark/1.0/,"Rose Kennedy 1967.JPG — CBS Television, Wikimedia Commons, Public domain",https://commons.wikimedia.org/wiki/File:Rose_Kennedy_1967.JPG
kennedy/Media/kennedy-joseph-jr-portrait.jpg,Joseph Patrick Kennedy Jr. portrait,Public domain,https://creativecommons.org/publicdomain/mark/1.0/,"Lt. Joseph P. Kennedy, Jr. Navy.JPG — John F. Kennedy Presidential Library & Museum, Wikimedia Commons, Public domain",https://commons.wikimedia.org/wiki/File:Lt._Joseph_P._Kennedy%2C_Jr._Navy.JPG
kennedy/Media/kennedy-rosemary-portrait.jpg,Rose Marie Kennedy portrait,Public domain,https://creativecommons.org/publicdomain/mark/1.0/,"TheKennedyFamily1.jpg — Photograph by Richard Sears in the John F. Kennedy Presidential Library and Museum, Boston., Wikimedia Commons, Public domain",https://commons.wikimedia.org/wiki/File:TheKennedyFamily1.jpg
kennedy/Media/kennedy-kathleen-portrait.jpg,Kathleen Agnes Cavendish portrait,Public domain,https://creativecommons.org/publicdomain/mark/1.0/,"Lady Hartington.jpg — ""Photograph in the John F. Kennedy Presidential Library and Museum, Boston. "", Wikimedia Commons, Public domain",https://commons.wikimedia.org/wiki/File:Lady_Hartington.jpg
kennedy/Media/kennedy-eunice-portrait.jpg,Eunice Mary Kennedy Shriver portrait,Public domain,https://creativecommons.org/publicdomain/mark/1.0/,"Eunice Shriver - 1982 (cropped).jpg — Claire Flanders, photographer, Washington, D.C., Wikimedia Commons, Public domain",https://commons.wikimedia.org/wiki/File:Eunice_Shriver_-_1982_%28cropped%29.jpg
kennedy/Media/kennedy-patricia-portrait.jpg,Patricia Helen Kennedy Lawford portrait,Public domain,https://creativecommons.org/publicdomain/mark/1.0/,"Patricia Kennedy Lawford - circa 1948.jpg — Photograph in the John F. Kennedy Presidential Library and Museum, Boston., Wikimedia Commons, Public domain",https://commons.wikimedia.org/wiki/File:Patricia_Kennedy_Lawford_-_circa_1948.jpg
kennedy/Media/kennedy-robert-portrait.jpg,Robert Francis Kennedy portrait,Public domain,https://creativecommons.org/publicdomain/mark/1.0/,"Robert F. Kennedy.jpg — Harry Warnecke, Wikimedia Commons, Public domain",https://commons.wikimedia.org/wiki/File:Robert_F._Kennedy.jpg
kennedy/Media/kennedy-jean-portrait.jpg,Jean Ann Kennedy Smith portrait,Public domain,https://creativecommons.org/publicdomain/mark/1.0/,"Jean Kennedy c1953.jpg — unattributed, Wikimedia Commons, Public domain",https://commons.wikimedia.org/wiki/File:Jean_Kennedy_c1953.jpg
kennedy/Media/kennedy-edward-portrait.jpg,Edward Moore Kennedy portrait,Public domain,https://creativecommons.org/publicdomain/mark/1.0/,"Ted Kennedy, official photo portrait crop.jpg — *Ted_Kennedy,_official_photo_portrait.jpg: United States Senate *derivative work: Tktru ( talk ), Wikimedia Commons, Public domain",https://commons.wikimedia.org/wiki/File:Ted_Kennedy%2C_official_photo_portrait_crop.jpg
kennedy/Media/kennedy-jacqueline-portrait.jpg,Jacqueline Lee Kennedy Onassis portrait,Public domain,https://creativecommons.org/publicdomain/mark/1.0/,"Jackie Kennedy Color Portrait (3x4 cropped).jpg — Unknown author, Wikimedia Commons, Public domain",https://commons.wikimedia.org/wiki/File:Jackie_Kennedy_Color_Portrait_%283x4_cropped%29.jpg
kennedy/Media/kennedy-sargent-shriver-portrait.jpg,Robert Sargent Shriver Jr. portrait,Public domain,https://creativecommons.org/publicdomain/mark/1.0/,"Sargent Shriver 1961.jpg — Rowland Scherman, Peace Corps, Wikimedia Commons, Public domain",https://commons.wikimedia.org/wiki/File:Sargent_Shriver_1961.jpg
kennedy/Media/kennedy-peter-lawford-portrait.jpg,Peter Sydney Ernest Lawford portrait,Public domain,https://creativecommons.org/publicdomain/mark/1.0/,"Peter Lawford 1955.jpg — [https://archive.org/stream/radiotv00macf#page/2/mode/2up Macfadden Publications] page 2, Wikimedia Commons, Public domain",https://commons.wikimedia.org/wiki/File:Peter_Lawford_1955.jpg
kennedy/Media/kennedy-stephen-smith-portrait.jpg,Stephen Edward Smith portrait,Public domain,https://creativecommons.org/publicdomain/mark/1.0/,"Stephen E. Smith 1963.jpg — Not stated, Wikimedia Commons, Public domain",https://commons.wikimedia.org/wiki/File:Stephen_E._Smith_1963.jpg
kennedy/Media/kennedy-john-jr-portrait.jpg,John Fitzgerald Kennedy Jr. portrait,CC BY-SA 2.0,https://creativecommons.org/licenses/by-sa/2.0/,"John Kennedy Jr 1999.jpg — [https://www.flickr.com/people/36277035@N06 John Mathew Smith & www.celebrity-photos.com] from Laurel Maryland, USA, Wikimedia Commons, CC BY-SA 2.0",https://commons.wikimedia.org/wiki/File:John_Kennedy_Jr_1999.jpg
kennedy/Media/kennedy-christopher-lawford-portrait.jpg,Christopher Kennedy Lawford portrait,CC BY 3.0,https://creativecommons.org/licenses/by/3.0/,"Christopherlawford.JPG — PeachStatePam, Wikimedia Commons, CC BY 3.0",https://commons.wikimedia.org/wiki/File:Christopherlawford.JPG
kennedy/Media/kennedy-david-portrait.jpg,David Anthony Kennedy portrait,Public domain,https://creativecommons.org/publicdomain/mark/1.0/,"David Kennedy 1968.jpg — Unknown author, Wikimedia Commons, Public domain",https://commons.wikimedia.org/wiki/File:David_Kennedy_1968.jpg
kennedy/Attachments/kennedy-attachment-1.jpg,"Kennedy family at Hyannis Port, 4 September 1931",Public domain,,"Hyannis Port, Kennedy family portrait photographs, 4 September 1931 | JFK Library",https://commons.wikimedia.org/wiki/File:TheKennedyFamily1.jpg
kennedy/Attachments/kennedy-attachment-2.jpg,Kennedy family portrait (KFC-008-019-p0001),Public domain,https://creativecommons.org/publicdomain/mark/1.0/,"Dorothy Wilding; John F. Kennedy Presidential Library and Museum, KFC-008-019-p0001; public domain.",https://commons.wikimedia.org/wiki/File:Kennedy_family_portrait_photograph_%28KFC-008-019-p0001%29.jpg
roosevelt/Media/roosevelt-alice-portrait.jpg,Alice Lee Roosevelt Longworth portrait,Public domain,https://creativecommons.org/publicdomain/mark/1.0/,"Mrs. N. Longworth LOC 15123921926.jpg — [https://www.flickr.com/people/8623220@N02 The Library of Congress], Wikimedia Commons, Public domain",https://commons.wikimedia.org/wiki/File:Mrs._N._Longworth_LOC_15123921926.jpg
roosevelt/Media/roosevelt-alice-lee-portrait.jpg,Alice Hathaway Lee Roosevelt portrait,Public domain,https://creativecommons.org/publicdomain/mark/1.0/,"Alice Hathaway Roosevelt 1.jpg — Unknown author, Wikimedia Commons, Public domain",https://commons.wikimedia.org/wiki/File:Alice_Hathaway_Roosevelt_1.jpg
roosevelt/Media/roosevelt-anna-portrait.jpg,Anna Roosevelt Cowles portrait,Public domain,https://creativecommons.org/publicdomain/mark/1.0/,"Bamie Roosevelt.jpg — Unknown author, Wikimedia Commons, Public domain",https://commons.wikimedia.org/wiki/File:Bamie_Roosevelt.jpg
roosevelt/Media/roosevelt-anna-child-portrait.jpg,Anna Eleanor Roosevelt portrait,Public domain,https://creativecommons.org/publicdomain/mark/1.0/,"Anna Roosevelt LCCN2016889869 (cropped).jpg — Harris & Ewing, photographer, Wikimedia Commons, Public domain",https://commons.wikimedia.org/wiki/File:Anna_Roosevelt_LCCN2016889869_%28cropped%29.jpg
roosevelt/Media/roosevelt-anna-hall-portrait.jpg,Anna Rebecca Hall Roosevelt portrait,Public domain,https://creativecommons.org/publicdomain/mark/1.0/,"Anna Rebecca Hall.jpg — Otto Bettmann (Life time: 1863-1892), Wikimedia Commons, Public domain",https://commons.wikimedia.org/wiki/File:Anna_Rebecca_Hall.jpg
roosevelt/Media/roosevelt-anne-clark-portrait.jpg,Anne Lindsay Clark Roosevelt portrait,Public domain,https://creativecommons.org/publicdomain/mark/1.0/,"Anne L. Clark (Mrs. John Roosevelt) 1950 - NARA - 196358 (cropped).jpg — Unknown author, Wikimedia Commons, Public domain",https://commons.wikimedia.org/wiki/File:Anne_L._Clark_%28Mrs._John_Roosevelt%29_1950_-_NARA_-_196358_%28cropped%29.jpg
roosevelt/Media/roosevelt-archibald-portrait.jpg,Archibald Bulloch Roosevelt portrait,Public domain,https://creativecommons.org/publicdomain/mark/1.0/,"Archibald Roosevelt WW-II LtCol.jpg — US Army, Wikimedia Commons, Public domain",https://commons.wikimedia.org/wiki/File:Archibald_Roosevelt_WW-II_LtCol.jpg
roosevelt/Media/roosevelt-betsey-cushing-portrait.jpg,Betsey Cushing Roosevelt Whitney,CC BY 4.0,https://creativecommons.org/licenses/by/4.0/,"Betsey Cushing Roosevelt Whitney — Los Angeles Daily News, UCLA / Wikimedia Commons, CC BY 4.0","https://commons.wikimedia.org/wiki/File:Betsey_Cushing_Roosevelt_Whitney,_1940.jpg"
roosevelt/Media/roosevelt-clarence-boettiger-portrait.jpg,Clarence John Boettiger portrait,Public domain,https://creativecommons.org/publicdomain/mark/1.0/,"Eleanor Roosevelt, Clarence John Boettiger, John Roosevelt Boettiger, and Anna Boettiger - NARA - 195333.jpg — Unknown author, Wikimedia Commons, Public domain",https://commons.wikimedia.org/wiki/File:Eleanor_Roosevelt%2C_Clarence_John_Boettiger%2C_John_Roosevelt_Boettiger%2C_and_Anna_Boettiger_-_NARA_-_195333.jpg
roosevelt/Media/roosevelt-corinne-portrait.jpg,Corinne Roosevelt Robinson portrait,Public domain,https://creativecommons.org/publicdomain/mark/1.0/,"Corrine Roosevelt Robinson LCCN00652558 (cropped).jpg — Underwood & Underwood., Wikimedia Commons, Public domain",https://commons.wikimedia.org/wiki/File:Corrine_Roosevelt_Robinson_LCCN00652558_%28cropped%29.jpg
roosevelt/Media/roosevelt-cornelius-portrait.jpg,Cornelius Van Schaack Roosevelt portrait,Public domain,https://creativecommons.org/publicdomain/mark/1.0/,"Cornelius Van Schaack Roosevelt 1794-1871.jpg — Unknown author, Wikimedia Commons, Public domain",https://commons.wikimedia.org/wiki/File:Cornelius_Van_Schaack_Roosevelt_1794-1871.jpg
roosevelt/Media/roosevelt-curtis-dall-portrait.jpg,"Curtis Dall, Anna Roosevelt, and Franklin D. Roosevelt",Public domain,https://creativecommons.org/publicdomain/mark/1.0/,"Curtis Dall, Anna Roosevelt, and Franklin D. Roosevelt — National Park Service, National Park Service / Wikimedia Commons, Public domain","https://commons.wikimedia.org/wiki/File:Curtis_Dall,_Anna_Roosevelt,_Franklin_D._Roosevelt_(0823ad1f-9bba-478e-a295-23110f33ef9d).tif"
roosevelt/Media/roosevelt-douglas-robinson-portrait.jpg,Douglas Robinson Jr. portrait,Public domain,https://creativecommons.org/publicdomain/mark/1.0/,"Douglas Robinson on horse back LCCN2013651280 (cropped).jpg — Miscellaneous Items in High Demand, PPOC, Library of Congress, Wikimedia Commons, Public domain",https://commons.wikimedia.org/wiki/File:Douglas_Robinson_on_horse_back_LCCN2013651280_%28cropped%29.jpg
roosevelt/Media/roosevelt-edith-carow-portrait.jpg,Edith Kermit Carow Roosevelt portrait,Public domain,https://creativecommons.org/publicdomain/mark/1.0/,"Edith Kermit Carow Roosevelt 1900-1910.jpg — Brady-Handy Collection (Library of Congress), Wikimedia Commons, Public domain",https://commons.wikimedia.org/wiki/File:Edith_Kermit_Carow_Roosevelt_1900-1910.jpg
roosevelt/Media/roosevelt-eleanor-portrait.jpg,Eleanor Roosevelt at the United Nations. Circa 1946-1947.,CC BY 2.0,https://creativecommons.org/licenses/by/2.0,https://www.flickr.com/photos/fdrlibrary/50517137801/,https://commons.wikimedia.org/wiki/File:Eleanor_Roosevelt_at_the_United_Nations%2C_circa_1946-1947_%283x4_cropped%29.jpg
roosevelt/Media/roosevelt-elizabeth-donner-portrait.jpg,"FDR, Eleanor Roosevelt, Elliott Roosevelt, and Elizabeth Donner Roosevelt",Public domain,https://creativecommons.org/publicdomain/mark/1.0/,"FDR, Eleanor Roosevelt, Elliott Roosevelt, and Elizabeth Donner Roosevelt — United States National Archives, National Archives and Records Administration / Wikimedia Commons, Public domain","https://commons.wikimedia.org/wiki/File:Franklin_D._Roosevelt,_Eleanor_Roosevelt,_Elliot,_and_wife_in_Warm_Springs,_Georgia_-_NARA_-_197066.jpg"
roosevelt/Media/roosevelt-elliott-portrait.jpg,Elliott Roosevelt portrait,Public domain,https://creativecommons.org/publicdomain/mark/1.0/,"Elliott Roosevelt, father of Eleanor Roosevelt.jpg — Unknown author, Wikimedia Commons, Public domain",https://commons.wikimedia.org/wiki/File:Elliott_Roosevelt%2C_father_of_Eleanor_Roosevelt.jpg
roosevelt/Media/roosevelt-elliott-child-portrait.jpg,Elliott Roosevelt portrait,Public domain,https://creativecommons.org/publicdomain/mark/1.0/,"Lt Col Elliott Roosevelt.jpg — United States Army, Wikimedia Commons, Public domain",https://commons.wikimedia.org/wiki/File:Lt_Col_Elliott_Roosevelt.jpg
roosevelt/Media/roosevelt-ethel-portrait.jpg,Ethel Carow Roosevelt Derby portrait,Public domain,https://creativecommons.org/publicdomain/mark/1.0/,"Ethel Roosevelt cph.3c34884.jpg — Unknown author, Wikimedia Commons, Public domain",https://commons.wikimedia.org/wiki/File:Ethel_Roosevelt_cph.3c34884.jpg
roosevelt/Media/roosevelt-ethel-dupont-portrait.jpg,Ethel du Pont Roosevelt portrait,Public domain,https://creativecommons.org/publicdomain/mark/1.0/,"Ethel du Pont 1937.jpg — Harris & Ewing, photographer, Wikimedia Commons, Public domain",https://commons.wikimedia.org/wiki/File:Ethel_du_Pont_1937.jpg
roosevelt/Media/roosevelt-faye-emerson-portrait.jpg,Faye Margaret Emerson portrait,Public domain,https://creativecommons.org/publicdomain/mark/1.0/,"Faye Emerson (1943).jpg — Warner Bros. Studios, Wikimedia Commons, Public domain",https://commons.wikimedia.org/wiki/File:Faye_Emerson_%281943%29.jpg
roosevelt/Media/roosevelt-franklin-portrait.jpg,Franklin Delano Roosevelt portrait,CC BY 2.0,https://creativecommons.org/licenses/by/2.0/,"FDR 1944 Color Portrait.jpg — * |wikidata=Q109051040 * [https://www.flickr.com/people/54078784@N08 FDR Presidential Library & Museum], Wikimedia Commons, CC BY 2.0",https://commons.wikimedia.org/wiki/File:FDR_1944_Color_Portrait.jpg
roosevelt/Media/roosevelt-franklin-jr-portrait.jpg,Franklin Delano Roosevelt Jr. portrait,Public domain,https://creativecommons.org/publicdomain/mark/1.0/,"FDR Jr 1945.jpg — Unknown, dedicated to Bettmann Archive, Wikimedia Commons, Public domain",https://commons.wikimedia.org/wiki/File:FDR_Jr_1945.jpg
roosevelt/Media/roosevelt-gladys-owens-portrait.jpg,Family at Eleanor Roosevelt's funeral,Public domain,https://creativecommons.org/publicdomain/mark/1.0/,"Family at Eleanor Roosevelt's funeral — National Park Service, National Park Service / Wikimedia Commons, Public domain","https://commons.wikimedia.org/wiki/File:Funeral_Services_of_Eleanor_Roosevelt_at_Hyde_Park,_New_York_-_NARA_-_196117.jpg"
roosevelt/Media/roosevelt-gracie-hall-portrait.jpg,Gracie Hall Roosevelt portrait,Public domain,https://creativecommons.org/publicdomain/mark/1.0/,"Gracie Hall Roosevelt WWI.jpg — Unknown author, Wikimedia Commons, Public domain",https://commons.wikimedia.org/wiki/File:Gracie_Hall_Roosevelt_WWI.jpg
roosevelt/Media/roosevelt-isaac-portrait.jpg,Isaac Roosevelt portrait,Public domain,https://creativecommons.org/publicdomain/mark/1.0/,"Isaac Roosevelt (1726-1794).jpg — :Gilbert Stuart, Wikimedia Commons, Public domain",https://commons.wikimedia.org/wiki/File:Isaac_Roosevelt_%281726-1794%29.jpg
roosevelt/Media/roosevelt-isaac-daniel-portrait.jpg,Isaac Daniel Roosevelt portrait,Public domain,https://creativecommons.org/publicdomain/mark/1.0/,"Isaac Daniel Roosevelt.jpg — :Unknown, Wikimedia Commons, Public domain",https://commons.wikimedia.org/wiki/File:Isaac_Daniel_Roosevelt.jpg
roosevelt/Media/roosevelt-james-child-portrait.jpg,James Roosevelt portrait,Public domain,https://creativecommons.org/publicdomain/mark/1.0/,"James Roosevelt 1962.jpg — Unknown, dedicated to Bettmann Archive, Wikimedia Commons, Public domain",https://commons.wikimedia.org/wiki/File:James_Roosevelt_1962.jpg
roosevelt/Media/roosevelt-james-halsted-portrait.jpg,Family and presidents at Eleanor Roosevelt's funeral,Public domain,https://creativecommons.org/publicdomain/mark/1.0/,"Family and presidents at Eleanor Roosevelt's funeral — Franklin D. Roosevelt Presidential Library, National Archives and Records Administration, Public domain",https://fdrlibrary.tumblr.com/post/667205112559714304/otd-eleanor-roosevelt-died-on-november-7
roosevelt/Media/roosevelt-james-hyde-portrait.jpg,Jacobus James Roosevelt,Public domain,https://creativecommons.org/publicdomain/mark/1.0/,"Jacobus James Roosevelt — Unknown artist, Wikimedia Commons, Public domain",https://commons.wikimedia.org/wiki/File:James_Roosevelt_(1760%E2%80%931847).jpg
roosevelt/Media/roosevelt-james-i-portrait.jpg,James Roosevelt I portrait,Public domain,https://creativecommons.org/publicdomain/mark/1.0/,"James Roosevelt, Sr.jpg — Moses King, Wikimedia Commons, Public domain",https://commons.wikimedia.org/wiki/File:James_Roosevelt%2C_Sr.jpg
roosevelt/Media/roosevelt-james-roosevelt-portrait.jpg,James Roosevelt Roosevelt portrait,Public domain,https://creativecommons.org/publicdomain/mark/1.0/,"James Rosey Roosevelt.jpg — Unknown author, Wikimedia Commons, Public domain",https://commons.wikimedia.org/wiki/File:James_Rosey_Roosevelt.jpg
roosevelt/Media/roosevelt-john-portrait.jpg,John Aspinwall Roosevelt portrait,Public domain,https://creativecommons.org/publicdomain/mark/1.0/,"John Aspinwall Roosevelt Harris & Ewing Portrait 1954.jpg — :Harris & Ewing, Wikimedia Commons, Public domain",https://commons.wikimedia.org/wiki/File:John_Aspinwall_Roosevelt_Harris_%26_Ewing_Portrait_1954.jpg
roosevelt/Media/roosevelt-kermit-portrait.jpg,Kermit Roosevelt portrait,Public domain,https://creativecommons.org/publicdomain/mark/1.0/,"Kermit Roosevelt 1926.jpg — National Photo Company, Wikimedia Commons, Public domain",https://commons.wikimedia.org/wiki/File:Kermit_Roosevelt_1926.jpg
roosevelt/Media/roosevelt-margaret-barnhill-portrait.jpg,Margaret Barnhill Roosevelt,Public domain,https://creativecommons.org/publicdomain/mark/1.0/,"Margaret Barnhill Roosevelt — Unknown photographer, Theodore Roosevelt Center, Public domain",https://www.theodorerooseveltcenter.org/digital-library/o284882/
roosevelt/Media/roosevelt-martha-bulloch-portrait.jpg,Martha Stewart Bulloch portrait,Public domain,https://creativecommons.org/publicdomain/mark/1.0/,"Martha Bulloch.jpg — Unknown author, Wikimedia Commons, Public domain",https://commons.wikimedia.org/wiki/File:Martha_Bulloch.jpg
roosevelt/Media/roosevelt-minnewa-bell-portrait.jpg,Minnewa Bell Roosevelt portrait,Public domain,https://creativecommons.org/publicdomain/mark/1.0/,"Elliott Roosevelt and Minnewa Bell 1951.jpg — :Abbie Rowe, Wikimedia Commons, Public domain",https://commons.wikimedia.org/wiki/File:Elliott_Roosevelt_and_Minnewa_Bell_1951.jpg
roosevelt/Media/roosevelt-patricia-whitehead-portrait.jpg,Family at Eleanor Roosevelt's funeral,Public domain,https://creativecommons.org/publicdomain/mark/1.0/,"Family at Eleanor Roosevelt's funeral — National Park Service, National Park Service / Wikimedia Commons, Public domain","https://commons.wikimedia.org/wiki/File:Funeral_Services_of_Eleanor_Roosevelt_at_Hyde_Park,_New_York_-_NARA_-_196117.jpg"
roosevelt/Media/roosevelt-quentin-portrait.jpg,Quentin Roosevelt portrait,Public domain,https://creativecommons.org/publicdomain/mark/1.0/,"Quentin Roosevelt LCCN2016874660.jpg — Harris & Ewing, photographer, Wikimedia Commons, Public domain",https://commons.wikimedia.org/wiki/File:Quentin_Roosevelt_LCCN2016874660.jpg
roosevelt/Media/roosevelt-romelle-schneider-portrait.jpg,Mrs James Roosevelt with Representative Roosevelt and Admiral Samuel E. Morison,Public domain,https://creativecommons.org/publicdomain/mark/1.0/,"Mrs James Roosevelt with Representative Roosevelt and Admiral Samuel E. Morison — United States National Archives, National Archives and Records Administration, Public domain",https://nara.getarchive.net/media/photograph-of-mrs-james-roosevelt-representative-roosevelt-admiral-samuel-e-f15138
roosevelt/Media/roosevelt-ruth-googins-portrait.jpg,Elliott and Ruth Googins Roosevelt,CC BY 4.0,https://creativecommons.org/licenses/by/4.0/,"Elliott and Ruth Googins Roosevelt — Los Angeles Daily News, UCLA / Wikimedia Commons, CC BY 4.0",https://commons.wikimedia.org/wiki/File:Elliott_and_Ruth_Googins_Roosevelt.jpg
roosevelt/Media/roosevelt-sara-delano-portrait.jpg,Sara Ann Delano Roosevelt portrait,CC0 1.0,https://creativecommons.org/publicdomain/zero/1.0/,"Portrait photograph of Mrs. James Roosevelt.jpg — Genthe, Arnold, 1869-1942, photographer, Wikimedia Commons, CC0 1.0",https://commons.wikimedia.org/wiki/File:Portrait_photograph_of_Mrs._James_Roosevelt.jpg
roosevelt/Media/roosevelt-suzanne-perrin-portrait.jpg,Eleanor Roosevelt with the family of Franklin D. Roosevelt Jr.,Public domain,https://creativecommons.org/publicdomain/mark/1.0/,"Eleanor Roosevelt with the family of Franklin D. Roosevelt Jr. — National Park Service, Franklin D. Roosevelt National Historic Site / Wikimedia Commons, Public domain",https://commons.wikimedia.org/wiki/File:Eleanor_Roosevelt_with_Family_(Franklin_D._Roosevelt_Jr._family).jpg
roosevelt/Media/roosevelt-theodore-portrait.jpg,Theodore Roosevelt portrait,Public domain,https://creativecommons.org/publicdomain/mark/1.0/,"Theodore Roosevelt by the Pach Bros.jpg — Pach Brothers; restored by :Adam Cuerden, Wikimedia Commons, Public domain",https://commons.wikimedia.org/wiki/File:Theodore_Roosevelt_by_the_Pach_Bros.jpg
roosevelt/Media/roosevelt-theodore-jr-portrait.jpg,Theodore Roosevelt Jr. portrait,Public domain,https://creativecommons.org/publicdomain/mark/1.0/,"LC-DIG-ggbain-37582.jpg — Bain News Service, publisher, Wikimedia Commons, Public domain",https://commons.wikimedia.org/wiki/File:LC-DIG-ggbain-37582.jpg
roosevelt/Media/roosevelt-theodore-sr-portrait.jpg,Theodore Roosevelt Sr. portrait,Public domain,https://creativecommons.org/publicdomain/mark/1.0/,"Theodore Roosevelt Senior.jpg — Unknown author, Wikimedia Commons, Public domain",https://commons.wikimedia.org/wiki/File:Theodore_Roosevelt_Senior.jpg
roosevelt/Media/roosevelt-william-cowles-portrait.jpg,William Sheffield Cowles portrait,Public domain,https://creativecommons.org/publicdomain/mark/1.0/,"William Sheffield Cowles LCCN2016869808 (cropped).jpg — Harris & Ewing, photographer, Wikimedia Commons, Public domain",https://commons.wikimedia.org/wiki/File:William_Sheffield_Cowles_LCCN2016869808_%28cropped%29.jpg
roosevelt/Attachments/roosevelt-attachment-1.jpg,"Franklin and Eleanor Roosevelt with their family in Washington, D.C.",Public domain,https://creativecommons.org/publicdomain/mark/1.0/,"U.S. National Archives and Records Administration, NAID 196850; public domain.",https://commons.wikimedia.org/wiki/File:Franklin_D._Roosevelt%2C_Eleanor_Roosevelt%2C_and_family_in_Washington_Washington%2C_D.C_-_NARA_-_196850.jpg
roosevelt/Attachments/roosevelt-attachment-2.jpg,Eleanor Roosevelt with children and grandchildren,Public domain,https://creativecommons.org/publicdomain/mark/1.0/,"U.S. National Archives and Records Administration, NAID 196358; public domain.",https://commons.wikimedia.org/wiki/File:Eleanor_Roosevelt_with_Anna%2C_James%2C_and_John_Roosevelt_and_Roosevelt_grandchildren_-_NARA_-_196358.jpg
romanovy/Media/romanov-alexander-ii-portrait.jpg,Портрет Александра II,Public domain,https://creativecommons.org/publicdomain/mark/1.0/,"Портрет Александра II — Константин Маковский, Государственная Третьяковская галерея / Wikimedia Commons, Public domain","https://commons.wikimedia.org/wiki/File:Alexander_II_of_Russia_by_K.Makovskiy_(1881,_GTG).jpg"
romanovy/Media/romanov-alexander-mikhailovich-portrait.jpg,Александр Михайлович Романов — портрет,Public domain,https://creativecommons.org/publicdomain/mark/1.0/,"Grand Duke Alexander Mikhailovich (LOC).jpg — [https://www.flickr.com/people/8623220@N02 The Library of Congress], Wikimedia Commons, Public domain",https://commons.wikimedia.org/wiki/File:Grand_Duke_Alexander_Mikhailovich_%28LOC%29.jpg
romanovy/Media/romanov-alexandra-feodorovna-portrait.jpg,Александра Фёдоровна — портрет,Public domain,https://creativecommons.org/publicdomain/mark/1.0/,"Alexandra Fyodorovna LOC 01137u.jpg — Boasson and Eggler St. Petersburg Nevsky 24. [http://hdl.loc.gov/loc.pnp/pp.ggbain Bain News Service, publisher], Wikimedia Commons, Public domain",https://commons.wikimedia.org/wiki/File:Alexandra_Fyodorovna_LOC_01137u.jpg
romanovy/Media/romanov-alexandra-georgievna-portrait.jpg,Александра Георгиевна — портрет,Public domain,https://creativecommons.org/publicdomain/mark/1.0/,"Alexandra Georgievna of Russia1.jpg — A. Pasetti, St. Pétersbourg, Nevsky 24., Wikimedia Commons, Public domain",https://commons.wikimedia.org/wiki/File:Alexandra_Georgievna_of_Russia1.jpg
romanovy/Media/romanov-alexandra-i-portrait.jpg,Александра Фёдоровна — портрет,Public domain,https://creativecommons.org/publicdomain/mark/1.0/,"Александра Фёдоровна - Императрица Российской империи.jpg — Unknown author, Wikimedia Commons, Public domain",https://commons.wikimedia.org/wiki/File:%D0%90%D0%BB%D0%B5%D0%BA%D1%81%D0%B0%D0%BD%D0%B4%D1%80%D0%B0_%D0%A4%D1%91%D0%B4%D0%BE%D1%80%D0%BE%D0%B2%D0%BD%D0%B0_-_%D0%98%D0%BC%D0%BF%D0%B5%D1%80%D0%B0%D1%82%D1%80%D0%B8%D1%86%D0%B0_%D0%A0%D0%BE%D1%81%D1%81%D0%B8%D0%B9%D1%81%D0%BA%D0%BE%D0%B9_%D0%B8%D0%BC%D0%BF%D0%B5%D1%80%D0%B8%D0%B8.jpg
romanovy/Media/romanov-alexandra-iosifovna-portrait.jpg,Александра Иосифовна — портрет,Public domain,https://creativecommons.org/publicdomain/mark/1.0/,"Grand Duchess Alexandra Iosifovna.jpg — Unknown author, Wikimedia Commons, Public domain",https://commons.wikimedia.org/wiki/File:Grand_Duchess_Alexandra_Iosifovna.jpg
romanovy/Media/romanov-alexandra-petrovna-portrait.jpg,Александра Петровна — портрет,Public domain,https://creativecommons.org/publicdomain/mark/1.0/,"Alexandra Petrovna of Oldenburg. Grand Duchess of Russia.jpg — Unknown author, Wikimedia Commons, Public domain",https://commons.wikimedia.org/wiki/File:Alexandra_Petrovna_of_Oldenburg._Grand_Duchess_of_Russia.jpg
romanovy/Media/romanov-alexei-portrait.jpg,Алексей Александрович Романов — портрет,Public domain,https://creativecommons.org/publicdomain/mark/1.0/,"Grand Duke Alexey Alexandrovich.jpeg — Unknown author, Wikimedia Commons, Public domain",https://commons.wikimedia.org/wiki/File:Grand_Duke_Alexey_Alexandrovich.jpeg
romanovy/Media/romanov-alfred-portrait.jpg,Альфред Саксен-Кобург-Готский — портрет,Public domain,https://creativecommons.org/publicdomain/mark/1.0/,"Alfred duke of Edinburgh.jpg — }}, Wikimedia Commons, Public domain",https://commons.wikimedia.org/wiki/File:Alfred_duke_of_Edinburgh.jpg
romanovy/Media/romanov-dolgorukova-portrait.jpg,Екатерина Михайловна Долгорукова — портрет,Public domain,https://creativecommons.org/publicdomain/mark/1.0/,"Princess Catherine Dolgorukov.jpg — Sergei Lvovich Levitsky (1819 – 1898) and Rafail Sergeevich Levitsky (1847– 1940), Wikimedia Commons, Public domain",https://commons.wikimedia.org/wiki/File:Princess_Catherine_Dolgorukov.jpg
romanovy/Media/romanov-ekaterina-dolgorukova-portrait.jpg,Екатерина Александровна Юрьевская — портрет,Public domain,https://creativecommons.org/publicdomain/mark/1.0/,"Ekaterina Alexandrovna Yuryevskaya5.jpg — Unknown author, Wikimedia Commons, Public domain",https://commons.wikimedia.org/wiki/File:Ekaterina_Alexandrovna_Yuryevskaya5.jpg
romanovy/Media/romanov-elizabeth-feodorovna-portrait.jpg,Елизавета Фёдоровна — портрет,Public domain,https://creativecommons.org/publicdomain/mark/1.0/,"Elizaveta romanova.png — D Asikritov, Wikimedia Commons, Public domain",https://commons.wikimedia.org/wiki/File:Elizaveta_romanova.png
romanovy/Media/romanov-friedrich-hesse-portrait.jpg,Фридрих Вильгельм Гессен-Кассельский — портрет,Public domain,https://creativecommons.org/publicdomain/mark/1.0/,"FridrichGessenKassel.jpg — Unknown author, Wikimedia Commons, Public domain",https://commons.wikimedia.org/wiki/File:FridrichGessenKassel.jpg
romanovy/Media/romanov-george-portrait.jpg,Георгий Александрович Романов — портрет,Public domain,https://creativecommons.org/publicdomain/mark/1.0/,"George Alexandrovich by S.Levitskiy (1889).png — :Sergey Levitsky, Wikimedia Commons, Public domain",https://commons.wikimedia.org/wiki/File:George_Alexandrovich_by_S.Levitskiy_%281889%29.png
romanovy/Media/romanov-georgy-dolgorukov-portrait.jpg,Георгий Александрович Юрьевский — портрет,Public domain,https://creativecommons.org/publicdomain/mark/1.0/,"Georgiy Alexandrovich Yuryevskiy2.jpg — Unknown author, Wikimedia Commons, Public domain",https://commons.wikimedia.org/wiki/File:Georgiy_Alexandrovich_Yuryevskiy2.jpg
romanovy/Media/romanov-grigori-stroganov-portrait.jpg,Григорий Александрович Строганов — портрет,Public domain,https://creativecommons.org/publicdomain/mark/1.0/,"Stroganov by Hau (cropped).jpg — Vladimir Ivanovich Hau, Wikimedia Commons, Public domain",https://commons.wikimedia.org/wiki/File:Stroganov_by_Hau_%28cropped%29.jpg
romanovy/Media/romanov-karl-wurttemberg-portrait.jpg,Карл I Вюртембергский — портрет,Public domain,https://creativecommons.org/publicdomain/mark/1.0/,"Karl-Württemberg.jpg — Unknown author, Wikimedia Commons, Public domain",https://commons.wikimedia.org/wiki/File:Karl-W%C3%BCrttemberg.jpg
romanovy/Media/romanov-konstantin-portrait.jpg,Константин Николаевич Романов — портрет,Public domain,https://creativecommons.org/publicdomain/mark/1.0/,"Romanov, Constantin Nicolaievitch, Grand-Duc de Russie, Gallica, Nadar.jpg — :Nadar upload and retouche by Jebulon, Wikimedia Commons, Public domain",https://commons.wikimedia.org/wiki/File:Romanov%2C_Constantin_Nicolaievitch%2C_Grand-Duc_de_Russie%2C_Gallica%2C_Nadar.jpg
romanovy/Media/romanov-maria-alexandrovna-portrait.jpg,Мария Александровна — портрет,Public domain,https://creativecommons.org/publicdomain/mark/1.0/,"Maria Alexandrovna by Winterhalter (1857, Hermitage).jpg — Unknown author, Wikimedia Commons, Public domain",https://commons.wikimedia.org/wiki/File:Maria_Alexandrovna_by_Winterhalter_%281857%2C_Hermitage%29.jpg
romanovy/Media/romanov-maria-feodorovna-portrait.jpg,Мария Фёдоровна — портрет,Public domain,https://creativecommons.org/publicdomain/mark/1.0/,"Maria Feodorovna of Russia 1881.jpg — Charles Jacotin, Paris, Wikimedia Commons, Public domain",https://commons.wikimedia.org/wiki/File:Maria_Feodorovna_of_Russia_1881.jpg
romanovy/Media/romanov-maria-pavlovna-portrait.jpg,Мария Павловна — портрет,Public domain,https://creativecommons.org/publicdomain/mark/1.0/,"Grand Duchess Maria Pavlovna of Russia.jpg — Unknown author, Wikimedia Commons, Public domain",https://commons.wikimedia.org/wiki/File:Grand_Duchess_Maria_Pavlovna_of_Russia.jpg
romanovy/Media/romanov-maximilian-portrait.jpg,Максимилиан Лейхтенбергский — портрет,Public domain,https://creativecommons.org/publicdomain/mark/1.0/,"Maximilian Leuchtenberg.jpg — Unknown author, Wikimedia Commons, Public domain",https://commons.wikimedia.org/wiki/File:Maximilian_Leuchtenberg.jpg
romanovy/Media/romanov-mikhail-portrait.jpg,Михаил Николаевич Романов — портрет,Public domain,https://creativecommons.org/publicdomain/mark/1.0/,"Grand Duke Michael Nicolaevich of Russia photo.jpg — Unknown author, Wikimedia Commons, Public domain",https://commons.wikimedia.org/wiki/File:Grand_Duke_Michael_Nicolaevich_of_Russia_photo.jpg
romanovy/Media/romanov-mikhail-ii-portrait.jpg,Михаил Александрович Романов — портрет,Public domain,https://creativecommons.org/publicdomain/mark/1.0/,"Россия. Великий князь Михаил Александрович Романов. кон.1890-х(ф.Левицкий и сын) ГИМ e1t3.jpg — Левицкий С.Л. и сын., Wikimedia Commons, Public domain",https://commons.wikimedia.org/wiki/File:%D0%A0%D0%BE%D1%81%D1%81%D0%B8%D1%8F._%D0%92%D0%B5%D0%BB%D0%B8%D0%BA%D0%B8%D0%B9_%D0%BA%D0%BD%D1%8F%D0%B7%D1%8C_%D0%9C%D0%B8%D1%85%D0%B0%D0%B8%D0%BB_%D0%90%D0%BB%D0%B5%D0%BA%D1%81%D0%B0%D0%BD%D0%B4%D1%80%D0%BE%D0%B2%D0%B8%D1%87_%D0%A0%D0%BE%D0%BC%D0%B0%D0%BD%D0%BE%D0%B2._%D0%BA%D0%BE%D0%BD.1890-%D1%85%28%D1%84.%D0%9B%D0%B5%D0%B2%D0%B8%D1%86%D0%BA%D0%B8%D0%B9_%D0%B8_%D1%81%D1%8B%D0%BD%29_%D0%93%D0%98%D0%9C_e1t3.jpg
romanovy/Media/romanov-natalia-brasova-portrait.jpg,Наталья Сергеевна Брасова — портрет,Public domain,https://creativecommons.org/publicdomain/mark/1.0/,"Brasova.jpg — :Unknown, Wikimedia Commons, Public domain",https://commons.wikimedia.org/wiki/File:Brasova.jpg
romanovy/Media/romanov-nicholas-ii-portrait.jpg,Портрет Николая II Александровича Романова,Public domain,,Gettyimages http://avaxnews.net/educative/Last_Emperor_Of_Russia_2.html http://process.portsmouthpeacetreaty.org/process/causes/causes3.html,https://commons.wikimedia.org/wiki/File:Nicolas_II_de_russie.jpg
romanovy/Media/romanov-nikolai-kulikovsky-portrait.jpg,Николай Александрович Куликовский — портрет,Public domain,https://creativecommons.org/publicdomain/mark/1.0/,"OlgaKulikovsky.jpg — Unknown author, Wikimedia Commons, Public domain",https://commons.wikimedia.org/wiki/File:OlgaKulikovsky.jpg
romanovy/Media/romanov-olga-portrait.jpg,Ольга Николаевна Романова — портрет,Public domain,https://creativecommons.org/publicdomain/mark/1.0/,"Olgachair.jpg — , Nevsky 24.; State Archive of the Russian Federation}}, Wikimedia Commons, Public domain",https://commons.wikimedia.org/wiki/File:Olgachair.jpg
romanovy/Media/romanov-olga-alexandrovna-portrait.jpg,Ольга Александровна Романова — портрет,Public domain,https://creativecommons.org/publicdomain/mark/1.0/,"Grand Duchess Olga Alexandrovna.jpg — Publisher: Bain News Service, Wikimedia Commons, Public domain",https://commons.wikimedia.org/wiki/File:Grand_Duchess_Olga_Alexandrovna.jpg
romanovy/Media/romanov-olga-dolgorukova-portrait.jpg,Ольга Александровна Юрьевская — портрет,Public domain,https://creativecommons.org/publicdomain/mark/1.0/,"YurevskajaOlga.jpg — Unknown author, Wikimedia Commons, Public domain",https://commons.wikimedia.org/wiki/File:YurevskajaOlga.jpg
romanovy/Media/romanov-olga-feodorovna-portrait.jpg,Ольга Фёдоровна — портрет,Public domain,https://creativecommons.org/publicdomain/mark/1.0/,"Olga Feodorovna( cecile of Baden ).jpg — Unknown author, Wikimedia Commons, Public domain",https://commons.wikimedia.org/wiki/File:Olga_Feodorovna%28_cecile_of_Baden_%29.jpg
romanovy/Media/romanov-olga-paley-portrait.jpg,Ольга Валериановна Палей — портрет,Public domain,https://creativecommons.org/publicdomain/mark/1.0/,"Pascal-Adolphe-Jean Dagnan-Bouveret La Princesa Olga Paley 1904.jpg — Unknown author, Wikimedia Commons, Public domain",https://commons.wikimedia.org/wiki/File:Pascal-Adolphe-Jean_Dagnan-Bouveret_La_Princesa_Olga_Paley_1904.jpg
romanovy/Media/romanov-peter-oldenburg-portrait.jpg,Пётр Александрович Ольденбургский — портрет,Public domain,https://creativecommons.org/publicdomain/mark/1.0/,"Peter Friedrich Georg von Holstein-Gottorp.jpg — Unknown author, Wikimedia Commons, Public domain",https://commons.wikimedia.org/wiki/File:Peter_Friedrich_Georg_von_Holstein-Gottorp.jpg
romanovy/Media/romanov-sergei-portrait.jpg,Сергей Александрович Романов — портрет,Public domain,https://creativecommons.org/publicdomain/mark/1.0/,"Grand Duke Sergei Alexandrovich of Russia.png — D. Asikritov, Moscow, Wikimedia Commons, Public domain",https://commons.wikimedia.org/wiki/File:Grand_Duke_Sergei_Alexandrovich_of_Russia.png
romanovy/Media/romanov-vladimir-portrait.jpg,Владимир Александрович Романов — портрет,Public domain,https://creativecommons.org/publicdomain/mark/1.0/,"Grand Duke Vladimir Alexandrovich of Russia.jpg — Unknown author, Wikimedia Commons, Public domain",https://commons.wikimedia.org/wiki/File:Grand_Duke_Vladimir_Alexandrovich_of_Russia.jpg
romanovy/Media/romanov-xenia-portrait.jpg,Ксения Александровна Романова — портрет,Public domain,https://creativecommons.org/publicdomain/mark/1.0/,"Grand Duchess Xenia Alexandrovna of Russia (1).jpg — No author given (Original) User:Píteas (Cropped and edited version), Wikimedia Commons, Public domain",https://commons.wikimedia.org/wiki/File:Grand_Duchess_Xenia_Alexandrovna_of_Russia_%281%29.jpg
romanovy/Attachments/romanovy-attachment-1.jpg,"Семья Николая II, около 1914 года",Public domain,https://creativecommons.org/publicdomain/mark/1.0/,"Boasson and Eggler; Library of Congress, ggbain.14545; общественное достояние.",https://commons.wikimedia.org/wiki/File:Family_Nicholas_II_of_Russia_ca._1914.jpg
romanovy/Attachments/romanovy-attachment-2.jpg,Семья Николая II у губернаторского дома в Тобольске,Public domain,https://creativecommons.org/publicdomain/mark/1.0/,"Underwood & Underwood; Library of Congress, ppmsca.15749; общественное достояние.",https://commons.wikimedia.org/wiki/File:Nicholas_II_and_family_outside_the_Governor%27s_House_during_their_internment_at_Tobolsk.jpg
